[
    {
      "device": "spine1-nxos",
      "dc": "London",
      "vendor": "Cisco",
      "eol": "12/01/2025"
    },
    {
      "device": "spine2-nxos",
      "dc": "London",
      "vendor": "Cisco",
      "eol": "12/01/2025"
    },
    {
      "device": "leaf1-ios",
      "dc": "London",
      "vendor": "Cisco",
      "eol": "12/01/2026"
    },
    {
      "device": "leaf2-ios",
      "dc": "London",
      "vendor": "Cisco",
      "eol": "12/01/2026"
    },
    {
      "device": "leaf3-junos",
      "dc": "London",
      "vendor": "Juniper",
      "eol": "12/01/2027"
    },
    {
      "device": "leaf4-junos",
      "dc": "London",
      "vendor": "Juniper",
      "eol": "12/01/2027"
    },
    {
      "device": "leaf5-eos",
      "dc": "London",
      "vendor": "EOS",
      "eol": "12/01/2028"
    },
    {
      "device": "leaf6-eos",
      "dc": "London",
      "vendor": "EOS",
      "eol": "12/01/2028"
    }
   ]