{
    "spine1-nxos": {
      "dc": "London",
      "vendor": "Cisco",
      "eol": "12/01/2025"
    },
    "spine2-nxos": {
      "dc": "London",
      "vendor": "Cisco",
      "eol": "12/01/2025"
    },
    "leaf1-ios": {
      "dc": "London",
      "vendor": "Cisco",
      "eol": "12/01/2026"
    },
    "leaf2-ios": {
      "dc": "London",
      "vendor": "Cisco",
      "eol": "12/01/2026"
    },
    "leaf3-junos": {
      "dc": "London",
      "vendor": "Juniper",
      "eol": "12/01/2027"
    },
    "leaf4-junos": {
      "dc": "London",
      "vendor": "Juniper",
      "eol": "12/01/2027"
    },
    "leaf5-eos": {
      "dc": "London",
      "vendor": "EOS",
      "eol": "12/01/2028"
    },
    "leaf6-eos": {
      "dc": "London",
      "vendor": "EOS",
      "eol": "12/01/2028"
    }
}