{
    "jsonrpc": "2.0",
    "result": {
      "body": {
        "TABLE_ctx": {
          "ROW_ctx": {
            "ptag": "1",
            "cname": "default",
            "nbrcount": 6,
            "TABLE_nbr": {
              "ROW_nbr": [
                {
                  "rid": "1.1.1.1",
                  "priority": 1,
                  "state": "FULL",
                  "drstate": "BDR",
                  "uptime": "PT18H53M35S",
                  "addr": "10.2.1.2",
                  "intf": "Eth1/1"
                },
                {
                  "rid": "1.1.1.1",
                  "priority": 1,
                  "state": "FULL",
                  "drstate": "BDR",
                  "uptime": "PT17H43M20S",
                  "addr": "10.2.2.2",
                  "intf": "Eth1/2"
                },
                {
                  "rid": "3.3.3.3",
                  "priority": 128,
                  "state": "FULL",
                  "drstate": "DR",
                  "uptime": "P18DT14H12M32S",
                  "addr": "10.2.3.2",
                  "intf": "Eth1/3"
                },
                {
                  "rid": "4.4.4.4",
                  "priority": 128,
                  "state": "FULL",
                  "drstate": "DR",
                  "uptime": "P18DT14H12M33S",
                  "addr": "10.2.4.2",
                  "intf": "Eth1/4"
                },
                {
                  "rid": "5.5.5.5",
                  "priority": 1,
                  "state": "FULL",
                  "drstate": "DR",
                  "uptime": "P18DT14H12M31S",
                  "addr": "10.2.5.2",
                  "intf": "Eth1/5"
                },
                {
                  "rid": "6.6.6.6",
                  "priority": 1,
                  "state": "FULL",
                  "drstate": "DR",
                  "uptime": "P18DT14H12M30S",
                  "addr": "10.2.6.2",
                  "intf": "Eth1/6"
                }
              ]
            }
          }
        }
      }
    },
    "id": 1
  }